Workbook

Sheet Summary
A1: Day 16, Part 2: cache at the edge
A2: Every number below is a formula over the Runs sheet. 30-second time to live, 2-second slow origin, from the Mac (colo MAA).
A4: Measure | B4: Value | C4: Unit / note
A5: Test A: /slow-cacheapi, 10 calls in a row
A6: Calls that were a MISS | B6: =COUNTIFS(Runs!$A$2:$A$31,"A",Runs!$F$2:$F$31,"MISS") -> 1 | C6: calls
A7: Calls that were a HIT | B7: =COUNTIFS(Runs!$A$2:$A$31,"A",Runs!$F$2:$F$31,"HIT") -> 9 | C7: calls
A8: MISS: time at the client | B8: =SUMIFS(Runs!$E$2:$E$31,Runs!$A$2:$A$31,"A",Runs!$F$2:$F$31,"MISS") -> 2431.6 | C8: ms (one MISS, so sum = value)
A9: MISS: time inside the Worker | B9: =SUMIFS(Runs!$H$2:$H$31,Runs!$A$2:$A$31,"A",Runs!$F$2:$F$31,"MISS") -> 2057 | C9: ms
A10: HIT: fastest at the client | B10: =_xlfn.MINIFS(Runs!$E$2:$E$31,Runs!$A$2:$A$31,"A",Runs!$F$2:$F$31,"HIT") -> 27.4 | C10: ms
A11: HIT: slowest at the client | B11: =_xlfn.MAXIFS(Runs!$E$2:$E$31,Runs!$A$2:$A$31,"A",Runs!$F$2:$F$31,"HIT") -> 154.9 | C11: ms
A12: HIT: median at the client | B12: =MEDIAN(Runs!$K$2:$K$31) -> 30.2 | C12: ms
A13: HIT: average inside the Worker | B13: =AVERAGEIFS(Runs!$H$2:$H$31,Runs!$A$2:$A$31,"A",Runs!$F$2:$F$31,"HIT") -> 7.1111111 | C13: ms
A14: Test B: /slow (fetch with cf cache options), 10 calls
A15: Calls with no cache status (x-cache = none) | B15: =COUNTIFS(Runs!$A$2:$A$31,"B",Runs!$F$2:$F$31,"none") -> 10 | C15: calls out of 10
A16: Median time at the client | B16: =MEDIAN(Runs!$L$2:$L$31) -> 2060.85 | C16: ms
A17: Fastest at the client | B17: =_xlfn.MINIFS(Runs!$E$2:$E$31,Runs!$A$2:$A$31,"B") -> 2037.7 | C17: ms
A18: Slowest at the client | B18: =_xlfn.MAXIFS(Runs!$E$2:$E$31,Runs!$A$2:$A$31,"B") -> 2247 | C18: ms
A19: Test C: time-to-live test, 4 calls 12 s apart
A20: Calls that were a HIT | B20: =COUNTIFS(Runs!$A$2:$A$31,"C",Runs!$F$2:$F$31,"HIT") -> 2 | C20: calls (at age 12 s and 24 s)
A21: Calls that were a MISS | B21: =COUNTIFS(Runs!$A$2:$A$31,"C",Runs!$F$2:$F$31,"MISS") -> 2 | C21: calls (first call, and the call after the 30 s limit)
A22: MISS after the limit: time at the client | B22: =INDEX(Runs!$E$2:$E$31,MATCH("C",Runs!$A$2:$A$31,0)+3) -> 2105 | C22: ms (call 4)
A23: HIT after a pause: average at the client | B23: =AVERAGEIFS(Runs!$E$2:$E$31,Runs!$A$2:$A$31,"C",Runs!$F$2:$F$31,"HIT") -> 178.45 | C23: ms (test A hits were about 30 ms)
A24: HIT after a pause: average outside the Worker | B24: =AVERAGEIFS(Runs!$M$2:$M$31,Runs!$A$2:$A$31,"C",Runs!$F$2:$F$31,"HIT") -> 172.95 | C24: ms (client - edge)
A25: HIT in a quick run: average outside the Worker | B25: =AVERAGEIFS(Runs!$M$2:$M$31,Runs!$A$2:$A$31,"A",Runs!$F$2:$F$31,"HIT") -> 43.7 | C25: ms (client - edge)
A26: Prediction check
A27: Miss time at the client vs predicted 50 ms | B27: =B8/B31 -> 48.632 | C27: times the prediction
A28: Hit median at the client vs predicted 100 ms | B28: =B12/B32 -> 0.302 | C28: times the prediction
A30: Inputs: predictions written before the run
A31: Predicted miss time | B31: 50 | C31: ms (your words: about 50 ms)
A32: Predicted hit time | B32: 100 | C32: ms (your words: about 100 ms)
A34: Test E: /slow-cacheapi from Google Cloud Shell (colo SIN), 3 curl calls
A35: Calls that were a MISS | B35: =COUNTIFS(Runs!$A$2:$A$31,"E",Runs!$F$2:$F$31,"MISS") -> 1 | C35: calls
A36: Calls that were a HIT | B36: =COUNTIFS(Runs!$A$2:$A$31,"E",Runs!$F$2:$F$31,"HIT") -> 2 | C36: calls
A37: MISS: time at the client | B37: =SUMIFS(Runs!$E$2:$E$31,Runs!$A$2:$A$31,"E",Runs!$F$2:$F$31,"MISS") -> 2140.137 | C37: ms (one MISS, so sum = value)
A38: HIT: average at the client | B38: =AVERAGEIFS(Runs!$E$2:$E$31,Runs!$A$2:$A$31,"E",Runs!$F$2:$F$31,"HIT") -> 68.9215 | C38: ms (new connection for each curl)
A40: Test E is not a clean second-location test: the entry made in MAA was about 200 s old, so it had expired (30 s limit) before SIN was called.
A41: Source: slow-test.ts output and curl, 2026-10-07, run from the Mac and from Cloud Shell. See the Runs sheet.

Sheet Predictions
A1: Question | B1: My prediction | C1: Result | D1: Held?
A2: How long does a miss take? | B2: about 50 ms | C2: 2431.6 ms (first run), 2190.7 ms and 2105.0 ms at the client; 2008 to 2057 ms inside the Worker. The origin waits 2000 ms, so a miss cannot be shorter. | D2: No
A3: How long does a hit take? | B3: about 100 ms | C3: Median 30.2 ms at the client on a reused connection (27.4 to 154.9 ms); 166.6 and 190.3 ms after a 12 s pause; 4 to 16 ms inside the Worker. | D3: No
A4: What happens after the 30-second time to live? | B4: a timeout occurs | C4: No error. The next call was a MISS with a new origin answer and took 2105.0 ms. The calls after it were hits again. | D4: No
A5: Does a second location see a hit? | B5: not predicted yet | C5: Cloud Shell (colo SIN): first call MISS (2140 ms), then 2 HITs (63 and 75 ms). SIN built its own copy. This does not show whether SIN could see a MAA copy, because the MAA copy was about 200 s old and already expired. | D5: Not tested yet

Sheet Runs
A1: Test | B1: Route | C1: Call | D1: Status | E1: Client ms | F1: x-cache | G1: Age (s) | H1: Edge ms | I1: Colo | J1: At (origin answer time) | K1: Helper: test A hit ms | L1: Helper: test B ms | M1: Outside Worker ms (client - edge)
A2: A | B2: /slow-cacheapi | C2: 1 | D2: 200 | E2: 2431.6 | F2: MISS | G2: 0 | H2: 2057 | I2: MAA | J2: 2026-10-07T16:35:29.967Z | K2: =IF(AND($A2="A",$F2="HIT"),$E2,"") | L2: =IF($A2="B",$E2,"") | M2: =IF($H2="","",$E2-$H2) -> 374.6
A3: A | B3: /slow-cacheapi | C3: 2 | D3: 200 | E3: 37 | F3: HIT | G3: 0 | H3: 9 | I3: MAA | J3: 2026-10-07T16:35:29.967Z | K3: =IF(AND($A3="A",$F3="HIT"),$E3,"") -> 37 | L3: =IF($A3="B",$E3,"") | M3: =IF($H3="","",$E3-$H3) -> 28
A4: A | B4: /slow-cacheapi | C4: 3 | D4: 200 | E4: 30 | F4: HIT | G4: 0 | H4: 6 | I4: MAA | J4: 2026-10-07T16:35:29.967Z | K4: =IF(AND($A4="A",$F4="HIT"),$E4,"") -> 30 | L4: =IF($A4="B",$E4,"") | M4: =IF($H4="","",$E4-$H4) -> 24
A5: A | B5: /slow-cacheapi | C5: 4 | D5: 200 | E5: 30.2 | F5: HIT | G5: 0 | H5: 6 | I5: MAA | J5: 2026-10-07T16:35:29.967Z | K5: =IF(AND($A5="A",$F5="HIT"),$E5,"") -> 30.2 | L5: =IF($A5="B",$E5,"") | M5: =IF($H5="","",$E5-$H5) -> 24.2
A6: A | B6: /slow-cacheapi | C6: 5 | D6: 200 | E6: 83.1 | F6: HIT | G6: 0 | H6: 16 | I6: MAA | J6: 2026-10-07T16:35:29.967Z | K6: =IF(AND($A6="A",$F6="HIT"),$E6,"") -> 83.1 | L6: =IF($A6="B",$E6,"") | M6: =IF($H6="","",$E6-$H6) -> 67.1
A7: A | B7: /slow-cacheapi | C7: 6 | D7: 200 | E7: 27.4 | F7: HIT | G7: 0 | H7: 5 | I7: MAA | J7: 2026-10-07T16:35:29.967Z | K7: =IF(AND($A7="A",$F7="HIT"),$E7,"") -> 27.4 | L7: =IF($A7="B",$E7,"") | M7: =IF($H7="","",$E7-$H7) -> 22.4
A8: A | B8: /slow-cacheapi | C8: 7 | D8: 200 | E8: 28.1 | F8: HIT | G8: 0 | H8: 5 | I8: MAA | J8: 2026-10-07T16:35:29.967Z | K8: =IF(AND($A8="A",$F8="HIT"),$E8,"") -> 28.1 | L8: =IF($A8="B",$E8,"") | M8: =IF($H8="","",$E8-$H8) -> 23.1
A9: A | B9: /slow-cacheapi | C9: 8 | D9: 200 | E9: 27.6 | F9: HIT | G9: 0 | H9: 6 | I9: MAA | J9: 2026-10-07T16:35:29.967Z | K9: =IF(AND($A9="A",$F9="HIT"),$E9,"") -> 27.6 | L9: =IF($A9="B",$E9,"") | M9: =IF($H9="","",$E9-$H9) -> 21.6
A10: A | B10: /slow-cacheapi | C10: 9 | D10: 200 | E10: 39 | F10: HIT | G10: 0 | H10: 5 | I10: MAA | J10: 2026-10-07T16:35:29.967Z | K10: =IF(AND($A10="A",$F10="HIT"),$E10,"") -> 39 | L10: =IF($A10="B",$E10,"") | M10: =IF($H10="","",$E10-$H10) -> 34
A11: A | B11: /slow-cacheapi | C11: 10 | D11: 200 | E11: 154.9 | F11: HIT | G11: 0 | H11: 6 | I11: MAA | J11: 2026-10-07T16:35:29.967Z | K11: =IF(AND($A11="A",$F11="HIT"),$E11,"") -> 154.9 | L11: =IF($A11="B",$E11,"") | M11: =IF($H11="","",$E11-$H11) -> 148.9
A12: B | B12: /slow | C12: 1 | D12: 200 | E12: 2247 | F12: none | G12: none | H12: 2038 | I12: MAA | J12: 2026-10-07T16:37:38.019Z | K12: =IF(AND($A12="A",$F12="HIT"),$E12,"") | L12: =IF($A12="B",$E12,"") -> 2247 | M12: =IF($H12="","",$E12-$H12) -> 209
A13: B | B13: /slow | C13: 2 | D13: 200 | E13: 2124.5 | F13: none | G13: none | H13: 2007 | I13: MAA | J13: 2026-10-07T16:37:40.074Z | K13: =IF(AND($A13="A",$F13="HIT"),$E13,"") | L13: =IF($A13="B",$E13,"") -> 2124.5 | M13: =IF($H13="","",$E13-$H13) -> 117.5
A14: B | B14: /slow | C14: 3 | D14: 200 | E14: 2037.7 | F14: none | G14: none | H14: 2006 | I14: MAA | J14: 2026-10-07T16:37:42.199Z | K14: =IF(AND($A14="A",$F14="HIT"),$E14,"") | L14: =IF($A14="B",$E14,"") -> 2037.7 | M14: =IF($H14="","",$E14-$H14) -> 31.7
A15: B | B15: /slow | C15: 4 | D15: 200 | E15: 2095 | F15: none | G15: none | H15: 2005 | I15: MAA | J15: 2026-10-07T16:37:44.238Z | K15: =IF(AND($A15="A",$F15="HIT"),$E15,"") | L15: =IF($A15="B",$E15,"") -> 2095 | M15: =IF($H15="","",$E15-$H15) -> 90
A16: B | B16: /slow | C16: 5 | D16: 200 | E16: 2038.7 | F16: none | G16: none | H16: 2005 | I16: MAA | J16: 2026-10-07T16:37:46.332Z | K16: =IF(AND($A16="A",$F16="HIT"),$E16,"") | L16: =IF($A16="B",$E16,"") -> 2038.7 | M16: =IF($H16="","",$E16-$H16) -> 33.7
A17: B | B17: /slow | C17: 6 | D17: 200 | E17: 2051.7 | F17: none | G17: none | H17: 2006 | I17: MAA | J17: 2026-10-07T16:37:48.374Z | K17: =IF(AND($A17="A",$F17="HIT"),$E17,"") | L17: =IF($A17="B",$E17,"") -> 2051.7 | M17: =IF($H17="","",$E17-$H17) -> 45.7
A18: B | B18: /slow | C18: 7 | D18: 200 | E18: 2038.4 | F18: none | G18: none | H18: 2006 | I18: MAA | J18: 2026-10-07T16:37:50.423Z | K18: =IF(AND($A18="A",$F18="HIT"),$E18,"") | L18: =IF($A18="B",$E18,"") -> 2038.4 | M18: =IF($H18="","",$E18-$H18) -> 32.4
A19: B | B19: /slow | C19: 8 | D19: 200 | E19: 2061.4 | F19: none | G19: none | H19: 2005 | I19: MAA | J19: 2026-10-07T16:37:52.490Z | K19: =IF(AND($A19="A",$F19="HIT"),$E19,"") | L19: =IF($A19="B",$E19,"") -> 2061.4 | M19: =IF($H19="","",$E19-$H19) -> 56.4
A20: B | B20: /slow | C20: 9 | D20: 200 | E20: 2063.8 | F20: none | G20: none | H20: 2008 | I20: MAA | J20: 2026-10-07T16:37:54.553Z | K20: =IF(AND($A20="A",$F20="HIT"),$E20,"") | L20: =IF($A20="B",$E20,"") -> 2063.8 | M20: =IF($H20="","",$E20-$H20) -> 55.8
A21: B | B21: /slow | C21: 10 | D21: 200 | E21: 2060.3 | F21: none | G21: none | H21: 2005 | I21: MAA | J21: 2026-10-07T16:37:56.587Z | K21: =IF(AND($A21="A",$F21="HIT"),$E21,"") | L21: =IF($A21="B",$E21,"") -> 2060.3 | M21: =IF($H21="","",$E21-$H21) -> 55.3
A22: C | B22: /slow-cacheapi | C22: 1 | D22: 200 | E22: 2190.7 | F22: MISS | G22: 0 | H22: 2011 | I22: MAA | J22: 2026-10-07T16:38:14.849Z | K22: =IF(AND($A22="A",$F22="HIT"),$E22,"") | L22: =IF($A22="B",$E22,"") | M22: =IF($H22="","",$E22-$H22) -> 179.7
A23: C | B23: /slow-cacheapi | C23: 2 | D23: 200 | E23: 166.6 | F23: HIT | G23: 12 | H23: 7 | I23: MAA | J23: 2026-10-07T16:38:14.849Z | K23: =IF(AND($A23="A",$F23="HIT"),$E23,"") | L23: =IF($A23="B",$E23,"") | M23: =IF($H23="","",$E23-$H23) -> 159.6
A24: C | B24: /slow-cacheapi | C24: 3 | D24: 200 | E24: 190.3 | F24: HIT | G24: 24 | H24: 4 | I24: MAA | J24: 2026-10-07T16:38:14.849Z | K24: =IF(AND($A24="A",$F24="HIT"),$E24,"") | L24: =IF($A24="B",$E24,"") | M24: =IF($H24="","",$E24-$H24) -> 186.3
A25: C | B25: /slow-cacheapi | C25: 4 | D25: 200 | E25: 2105 | F25: MISS | G25: 0 | H25: 2008 | I25: MAA | J25: 2026-10-07T16:38:53.335Z | K25: =IF(AND($A25="A",$F25="HIT"),$E25,"") | L25: =IF($A25="B",$E25,"") | M25: =IF($H25="","",$E25-$H25) -> 97
A26: D | B26: /slow-cacheapi | C26: 1 | D26: not printed | E26: 112.271 | F26: HIT | G26: 25 | I26: MAA | J26: not printed (curl headers) | K26: =IF(AND($A26="A",$F26="HIT"),$E26,"") | L26: =IF($A26="B",$E26,"") | M26: =IF($H26="","",$E26-$H26)
A27: D | B27: /slow-cacheapi | C27: 2 | D27: not printed | E27: 210.165 | F27: HIT | G27: 26 | I27: MAA | J27: not printed (curl headers) | K27: =IF(AND($A27="A",$F27="HIT"),$E27,"") | L27: =IF($A27="B",$E27,"") | M27: =IF($H27="","",$E27-$H27)
A28: D | B28: /slow-cacheapi | C28: 3 | D28: not printed | E28: 80.534 | F28: HIT | G28: 26 | I28: MAA | J28: not printed (curl headers) | K28: =IF(AND($A28="A",$F28="HIT"),$E28,"") | L28: =IF($A28="B",$E28,"") | M28: =IF($H28="","",$E28-$H28)
A29: E | B29: /slow-cacheapi | C29: 1 | D29: not printed | E29: 2140.137 | F29: MISS | G29: 0 | I29: SIN | J29: not printed (x-cached-at 1791391335304) | K29: =IF(AND($A29="A",$F29="HIT"),$E29,"") | L29: =IF($A29="B",$E29,"") | M29: =IF($H29="","",$E29-$H29)
A30: E | B30: /slow-cacheapi | C30: 2 | D30: not printed | E30: 62.983 | F30: HIT | G30: 0 | I30: SIN | J30: not printed (x-cached-at 1791391335304) | K30: =IF(AND($A30="A",$F30="HIT"),$E30,"") | L30: =IF($A30="B",$E30,"") | M30: =IF($H30="","",$E30-$H30)
A31: E | B31: /slow-cacheapi | C31: 3 | D31: not printed | E31: 74.86 | F31: HIT | G31: 0 | I31: SIN | J31: not printed (x-cached-at 1791391335304) | K31: =IF(AND($A31="A",$F31="HIT"),$E31,"") | L31: =IF($A31="B",$E31,"") | M31: =IF($H31="","",$E31-$H31)
A33: Tests: A = /slow-cacheapi, 10 calls in a row. B = /slow (fetch with cf cache options), 10 calls. C = /slow-cacheapi TTL test, 4 calls 12 s apart. D = three curl calls from the Mac.
A34: Source: output of slow-test.ts and curl, run from the Mac on 2026-10-07 (blue = typed from that output). Client ms = time seen by the caller; Edge ms = time spent inside the Worker (x-edge-ms header).
A35: Test D client ms = curl time_total x 1000 (0.112271 s, 0.210165 s, 0.080534 s). Test D = Mac, ages 25-26 s. Test E = three curl calls from Google Cloud Shell, colo SIN, 2.140137 s / 0.062983 s / 0.074860 s. D and E have no edge time and no status printed, so those cells say so or stay empty.
A36: Age 'none' on test B means the response had no age header and no cf-cache-status. Helper columns K, L, M feed the Summary sheet.

Sheet Open items
A1: Item | B1: What is known | C1: What is still needed
A2: Second location | B2: From Cloud Shell (SIN): MISS, then 2 HITs. The MAA copy was already expired, so this does not show whether SIN could use it. | C2: Write a prediction first. Then call from the Mac (MAA); within 30 seconds call from Cloud Shell (SIN). A MISS at SIN means the cache is per data center.
A3: Docs vs result: Cache API on workers.dev | B3: The Cache API stored and returned a response on the workers.dev URL (9 HITs, same origin answer time). A summary of the docs page said it works on custom domains only. | C3: Read the Cache API page yourself, copy the exact sentence, link and date. Do not assume either side is right.
A4: Why /slow did not cache | B4: All 10 calls reached the origin; no cf-cache-status and no age header. Three untested ideas: the origin is a Worker on workers.dev; the cf options do not apply to a subrequest to a Worker; the global_fetch_strictly_public flag changes the path. | C4: Read the cf options page and say which idea the docs support, or write that it is unknown.
A5: Why hits after a pause took 167 and 190 ms | B5: Only 4 and 7 ms were inside the Worker. In the quick run, hits took about 30 ms. | C5: Not checked: probably a new connection after the 12 s pause. Test with one connection kept open, or time the connection parts with curl.
A6: Hit rate: edge cache vs one-server cache | B6: The Cache API cache is per data center (docs). Not yet seen in a run. | C6: One paragraph in your own words, after the second-location run.
